threshold,attack_detection,false_positive_rate,precision,recall,f1
-0.02,0.56964,0.06663,0.895280305530671,0.56964,0.6962665085835468
-0.015,0.57225,0.06917,0.8921611424651554,0.57225,0.6972621266951786
-0.01,0.58029,0.07182,0.8898652067902655,0.58029,0.7024834908087234
-0.005,0.58652,0.07545,0.8860220251673037,0.58652,0.7058129809804028
0.0,0.58767,0.07897,0.8815402616104644,0.58767,0.7052152834445351
0.005,0.58949,0.08225,0.8775567928067407,0.58949,0.7052412456482468
0.01,0.59097,0.08596,0.8730149350745277,0.59097,0.7048236956819903
0.015,0.59177,0.09051,0.86734185378437,0.59177,0.7035333000451768
0.02,0.5929,0.09563,0.8611099008031604,0.5929,0.7022676529288789
0.025,0.59428,0.09992,0.8560645347162201,0.59428,0.7015464526029984
0.03,0.59623,0.10483,0.8504692893618235,0.59623,0.7010099584964669
