Feature,Importance
Destination Port,0.12415348891178381
Init_Win_bytes_backward,0.06933961838035561
Average Packet Size,0.0449327868162793
Subflow Fwd Bytes,0.04253350941419391
Total Length of Fwd Packets,0.041283496193258745
Fwd Packet Length Max,0.04121246837278232
Packet Length Mean,0.03991262613971481
Fwd Packet Length Mean,0.033363781163703574
Max Packet Length,0.030561490812060253
Bwd Packet Length Mean,0.030066216554771
Bwd Header Length,0.02794760218030705
Bwd Packet Length Std,0.027531810189133848
Flow Bytes/s,0.026305073489390464
Init_Win_bytes_forward,0.024258641731821944
Bwd Packet Length Max,0.023970774855932762
Packet Length Variance,0.02212733822767267
min_seg_size_forward,0.021750022595355453
Flow IAT Max,0.020936429566408198
Fwd Header Length,0.01734967010903847
Packet Length Std,0.01672751215009762
Bwd Packets/s,0.016011194192257737
Fwd IAT Std,0.01600772296452151
Fwd Packet Length Std,0.015938429805086782
Flow Duration,0.013551530047989544
Fwd IAT Max,0.012930052847440567
Flow IAT Std,0.012802066092483997
Total Fwd Packets,0.012753777923829465
Fwd IAT Total,0.012753277889788972
Bwd Packet Length Min,0.012596732778111361
Idle Mean,0.012592923780152948
act_data_pkt_fwd,0.011719935777747917
Fwd IAT Mean,0.010828923984034797
Idle Min,0.010777074299844487
Bwd IAT Total,0.009928419597902208
Fwd Packets/s,0.009841469676922357
Bwd IAT Std,0.008882573563934707
Flow IAT Mean,0.007945443046053166
Flow IAT Min,0.00759115043514383
Flow Packets/s,0.007301244041031375
Fwd IAT Min,0.006486403844583259
Idle Max,0.006254376663093032
Fwd Packet Length Min,0.0059012480314167524
Bwd IAT Min,0.00527324420851438
PSH Flag Count,0.005250838435367639
Bwd IAT Mean,0.005225310469382413
Min Packet Length,0.004911196978922521
Bwd IAT Max,0.003863049756320726
ACK Flag Count,0.0036341103031972146
Active Mean,0.0012243761116326165
Active Min,0.0012060269688429074
Active Max,0.0009049272961051012
FIN Flag Count,0.0008465903342819107
